i,j,span,native_cycles,zk_cycles,source,notes
0,1,1,,,,Fill only measured/admissible backends; blank = unavailable.
1,2,1,,,,Fill only measured/admissible backends; blank = unavailable.
2,3,1,,,,Fill only measured/admissible backends; blank = unavailable.
3,4,1,,,,Fill only measured/admissible backends; blank = unavailable.
4,5,1,,,,Fill only measured/admissible backends; blank = unavailable.
5,6,1,,,,Fill only measured/admissible backends; blank = unavailable.
6,7,1,,,,Fill only measured/admissible backends; blank = unavailable.
7,8,1,,,,Fill only measured/admissible backends; blank = unavailable.
8,9,1,,,,Fill only measured/admissible backends; blank = unavailable.
9,10,1,,,,Fill only measured/admissible backends; blank = unavailable.
10,11,1,,,,Fill only measured/admissible backends; blank = unavailable.
11,12,1,,,,Fill only measured/admissible backends; blank = unavailable.
0,2,2,,,,Fill only measured/admissible backends; blank = unavailable.
1,3,2,,,,Fill only measured/admissible backends; blank = unavailable.
2,4,2,,,,Fill only measured/admissible backends; blank = unavailable.
3,5,2,,,,Fill only measured/admissible backends; blank = unavailable.
4,6,2,,,,Fill only measured/admissible backends; blank = unavailable.
5,7,2,,,,Fill only measured/admissible backends; blank = unavailable.
6,8,2,,,,Fill only measured/admissible backends; blank = unavailable.
7,9,2,,,,Fill only measured/admissible backends; blank = unavailable.
8,10,2,,,,Fill only measured/admissible backends; blank = unavailable.
9,11,2,,,,Fill only measured/admissible backends; blank = unavailable.
10,12,2,,,,Fill only measured/admissible backends; blank = unavailable.
0,3,3,,,,Fill only measured/admissible backends; blank = unavailable.
1,4,3,,,,Fill only measured/admissible backends; blank = unavailable.
2,5,3,,,,Fill only measured/admissible backends; blank = unavailable.
3,6,3,,,,Fill only measured/admissible backends; blank = unavailable.
4,7,3,,,,Fill only measured/admissible backends; blank = unavailable.
5,8,3,,,,Fill only measured/admissible backends; blank = unavailable.
6,9,3,,,,Fill only measured/admissible backends; blank = unavailable.
7,10,3,,,,Fill only measured/admissible backends; blank = unavailable.
8,11,3,,,,Fill only measured/admissible backends; blank = unavailable.
9,12,3,,,,Fill only measured/admissible backends; blank = unavailable.
0,4,4,,,,Fill only measured/admissible backends; blank = unavailable.
1,5,4,,,,Fill only measured/admissible backends; blank = unavailable.
2,6,4,,,,Fill only measured/admissible backends; blank = unavailable.
3,7,4,,,,Fill only measured/admissible backends; blank = unavailable.
4,8,4,,,,Fill only measured/admissible backends; blank = unavailable.
5,9,4,,,,Fill only measured/admissible backends; blank = unavailable.
6,10,4,,,,Fill only measured/admissible backends; blank = unavailable.
7,11,4,,,,Fill only measured/admissible backends; blank = unavailable.
8,12,4,,,,Fill only measured/admissible backends; blank = unavailable.
0,5,5,,,,Fill only measured/admissible backends; blank = unavailable.
1,6,5,,,,Fill only measured/admissible backends; blank = unavailable.
2,7,5,,,,Fill only measured/admissible backends; blank = unavailable.
3,8,5,,,,Fill only measured/admissible backends; blank = unavailable.
4,9,5,,,,Fill only measured/admissible backends; blank = unavailable.
5,10,5,,,,Fill only measured/admissible backends; blank = unavailable.
6,11,5,,,,Fill only measured/admissible backends; blank = unavailable.
7,12,5,,,,Fill only measured/admissible backends; blank = unavailable.
0,6,6,,,,Fill only measured/admissible backends; blank = unavailable.
1,7,6,,,,Fill only measured/admissible backends; blank = unavailable.
2,8,6,,,,Fill only measured/admissible backends; blank = unavailable.
3,9,6,,,,Fill only measured/admissible backends; blank = unavailable.
4,10,6,,,,Fill only measured/admissible backends; blank = unavailable.
5,11,6,,,,Fill only measured/admissible backends; blank = unavailable.
6,12,6,,,,Fill only measured/admissible backends; blank = unavailable.
0,7,7,,,,Fill only measured/admissible backends; blank = unavailable.
1,8,7,,,,Fill only measured/admissible backends; blank = unavailable.
2,9,7,,,,Fill only measured/admissible backends; blank = unavailable.
3,10,7,,,,Fill only measured/admissible backends; blank = unavailable.
4,11,7,,,,Fill only measured/admissible backends; blank = unavailable.
5,12,7,,,,Fill only measured/admissible backends; blank = unavailable.
0,8,8,,,,Fill only measured/admissible backends; blank = unavailable.
1,9,8,,,,Fill only measured/admissible backends; blank = unavailable.
2,10,8,,,,Fill only measured/admissible backends; blank = unavailable.
3,11,8,,,,Fill only measured/admissible backends; blank = unavailable.
4,12,8,,,,Fill only measured/admissible backends; blank = unavailable.
0,9,9,,,,Fill only measured/admissible backends; blank = unavailable.
1,10,9,,,,Fill only measured/admissible backends; blank = unavailable.
2,11,9,,,,Fill only measured/admissible backends; blank = unavailable.
3,12,9,,,,Fill only measured/admissible backends; blank = unavailable.
0,10,10,,,,Fill only measured/admissible backends; blank = unavailable.
1,11,10,,,,Fill only measured/admissible backends; blank = unavailable.
2,12,10,,,,Fill only measured/admissible backends; blank = unavailable.
0,11,11,,,,Fill only measured/admissible backends; blank = unavailable.
1,12,11,,,,Fill only measured/admissible backends; blank = unavailable.
0,12,12,,,,Fill only measured/admissible backends; blank = unavailable.
