index,name,kind,input_shape,output_shape,notes
0,conv1,Conv2D,1x32x32,6x28x28,Canonical deterministic LeNet-5 dispute trace; accuracy is not evaluated.
1,relu1,ReLU,6x28x28,6x28x28,Canonical deterministic LeNet-5 dispute trace; accuracy is not evaluated.
2,pool1,MaxPool2D,6x28x28,6x14x14,Canonical deterministic LeNet-5 dispute trace; accuracy is not evaluated.
3,conv2,Conv2D,6x14x14,16x10x10,Canonical deterministic LeNet-5 dispute trace; accuracy is not evaluated.
4,relu2,ReLU,16x10x10,16x10x10,Canonical deterministic LeNet-5 dispute trace; accuracy is not evaluated.
5,pool2,MaxPool2D,16x10x10,16x5x5,Canonical deterministic LeNet-5 dispute trace; accuracy is not evaluated.
6,flatten,Flatten,16x5x5,400,Canonical deterministic LeNet-5 dispute trace; accuracy is not evaluated.
7,fc1,GEMM,400,120,Canonical deterministic LeNet-5 dispute trace; accuracy is not evaluated.
8,relu3,ReLU,120,120,Canonical deterministic LeNet-5 dispute trace; accuracy is not evaluated.
9,fc2,GEMM,120,84,Canonical deterministic LeNet-5 dispute trace; accuracy is not evaluated.
10,relu4,ReLU,84,84,Canonical deterministic LeNet-5 dispute trace; accuracy is not evaluated.
11,fc3,GEMM,84,10,Canonical deterministic LeNet-5 dispute trace; accuracy is not evaluated.
